﻿{"cameraMode":{"drawMode":0,"name":"Shaded","section":"Shading Mode"},"sceneLighting":true,"audioPlay":false,"sceneViewState":{"showFog":true,"showMaterialUpdate":false,"showSkybox":true,"showFlares":true,"showImageEffects":true,"showParticleSystems":true},"in2DMode":false,"pivot":{"x":78.64057159423828,"y":11.86562442779541,"z":33.62913513183594},"rotation":{"x":0.6161887645721436,"y":-0.0023628221824765207,"z":0.0018485841574147344,"w":0.7875928282737732},"size":86.43748474121094,"orthographic":true}