﻿{"cameraMode":{"drawMode":0,"name":"Shaded","section":"Shading Mode"},"sceneLighting":false,"audioPlay":false,"sceneViewState":{"showFog":true,"showMaterialUpdate":false,"showSkybox":false,"showFlares":true,"showImageEffects":true,"showParticleSystems":true},"in2DMode":false,"pivot":{"x":-0.517374575138092,"y":-1.080962896347046,"z":1.1879024505615235},"rotation":{"x":-0.22118274867534638,"y":0.6872022747993469,"z":-0.23332051932811738,"w":-0.6514543890953064},"size":9.47852897644043,"orthographic":false}